{"cameraMode":{"drawMode":0,"name":"Shaded","section":"Shading Mode"},"sceneLighting":false,"audioPlay":false,"sceneViewState":{"showFog":true,"showMaterialUpdate":false,"showSkybox":false,"showFlares":true,"showImageEffects":true,"showParticleSystems":true},"in2DMode":false,"pivot":{"x":30.79429054260254,"y":-5.4437665939331059,"z":-0.3882618844509125},"rotation":{"x":-0.10422217100858689,"y":0.8932937383651733,"z":-0.27192988991737368,"w":-0.34237149357795718},"size":56.210975646972659,"orthographic":false}